Complexity,Loss,Equation
1,0.09918184,"0.30885565"
2,0.09918183,"sin(0.31401834)"
3,0.06482655,"(0.24706863 * x5)"
